Workbook

Sheet Instrukce
A1: Instrukce
A2: Tato tabulka by vám měla pomoci s kompletní organizací školního kola Debatiády. Stačí vyplnit všechny potřebné údaje (názvy týmů, jména debatérů a rozhodčích, označení místností a teze), vybrat si list s odpovídajícím počtem týmů, a tabulka se už o zbytek postará. V každé tabulce vyplňujte pouze bíle podbarvené buňky, šedé jsou uzamčené. 1. Pro organizaci turnaje budete potřebovat týmy, rozhodčí (alespoň jednoho na každé dva týmy), místnosti (alespoň jednu na každé dva týmy) a teze (můžete mít na každé kolo jinou, nebo klidně víckrát zopakovat tu stejnou). 2. Nejprve vyplňte všechny relevantní údaje v tomto listu. Týmy si mohou vymyslet libovolné názvy, nebo mohou zůstat označené čísly. Místnosti pojmenujte podle označení ve vaší škole. 3. Vyberte si list, který odpovídá počtu týmů, které se u vás budou účastnit. V něm najdete rozpis debat pro jednotlivá kola. 4. Po každém kole vyplňte počty bodů, které každý z týmů získal. Tabulka sama pozná vítězný tým a aktualizuje tabulku pořadí týmů. 5. Po posledním základním kole stiskněte tlačítko Seřadit, ktré seřadí tabulku pořadí týmů a zobrazí správné týmy do tabulky pro vyřazovací kola.
A4: Název školy
A6: Týmy | F6: Rozhodčí | I6: Místnosti | L6: Teze
B7: Název | C7: Člen 1 | D7: Člen 2 | G7: Jméno | J7: Číslo / název | L7: Kolo | M7: Znění teze
A8: 1 | B8: Tým 1 | F8: 1 | G8: Rozhodčí 1 | I8: 1 | J8: Místnost 1 | L8: 1 | M8: Teze pro první kolo
A9: 2 | B9: Tým 2 | F9: 2 | G9: Rozhodčí 2 | I9: 2 | J9: Místnost 2 | L9: 2 | M9: Teze pro druhé kolo
A10: 3 | B10: Tým 3 | F10: 3 | G10: Rozhodčí 3 | I10: 3 | J10: Místnost 3 | L10: 3 | M10: Teze pro třetí kolo
A11: 4 | B11: Tým 4 | F11: 4 | G11: Rozhodčí 4 | I11: 4 | J11: Místnost 4 | L11: 4 | M11: Teze pro čtvrté kolo (pokud je relevantní)
A12: 5 | B12: Tým 5 | F12: 5 | G12: Rozhodčí 5 | I12: 5 | J12: Místnost 5 | L12: Čtvrtfinále | M12: Teze pro čtvrtfinále (pokud je relevantní)
A13: 6 | B13: Tým 6 | F13: 6 | G13: Rozhodčí 6 | I13: 6 | J13: Místnost 6 | L13: Semifinále | M13: Teze pro semifinále (pokud je relevantní)
A14: 7 | B14: Tým 7 | F14: 7 | G14: Rozhodčí 7 | I14: 7 | J14: Místnost 7 | L14: Finále | M14: Teze pro finále
A15: 8 | B15: Tým 8 | F15: 8 | G15: Rozhodčí 8 | I15: 8 | J15: Místnost 8
A16: 9 | B16: Tým 9 | F16: 9 | G16: Rozhodčí 9 | I16: 9 | J16: Místnost 9
A17: 10 | B17: Tým 10 | F17: 10 | G17: Rozhodčí 10 | I17: 10 | J17: Místnost 10
A18: 11 | B18: Tým 11 | F18: 11 | G18: Rozhodčí 11 | I18: 11 | J18: Místnost 11
A19: 12 | B19: Tým 12 | F19: 12 | G19: Rozhodčí 12 | I19: 12 | J19: Místnost 12
A20: 13 | B20: Tým 13 | F20: 13 | G20: Rozhodčí 13 | I20: 13 | J20: Místnost 13
A21: 14 | B21: Tým 14 | F21: 14 | G21: Rozhodčí 14 | I21: 14 | J21: Místnost 14
A22: 15 | B22: Tým 15 | F22: 15 | G22: Rozhodčí 15 | I22: 15 | J22: Místnost 15
A23: 16 | B23: Tým 16 | F23: 16 | G23: Rozhodčí 16 | I23: 16 | J23: Místnost 16
A24: 17 | B24: Tým 17 | F24: 17 | G24: Rozhodčí 17 | I24: 17 | J24: Místnost 17
A25: 18 | B25: Tým 18 | F25: 18 | G25: Rozhodčí 18 | I25: 18 | J25: Místnost 18
A26: 19 | B26: Tým 19 | F26: 19 | G26: Rozhodčí 19 | I26: 19 | J26: Místnost 19
A27: 20 | B27: Tým 20 | F27: 20 | G27: Rozhodčí 20 | I27: 20 | J27: Místnost 20
A28: 21 | B28: Tým 21 | F28: 21 | G28: Rozhodčí 21
A29: 22 | B29: Tým 22 | F29: 22 | G29: Rozhodčí 22
A30: 23 | B30: Tým 23 | F30: 23 | G30: Rozhodčí 23
A31: 24 | B31: Tým 24 | F31: 24 | G31: Rozhodčí 24
A32: 25 | B32: Tým 25 | F32: 25 | G32: Rozhodčí 25
A33: 26 | B33: Tým 26 | F33: 26 | G33: Rozhodčí 26
A34: 27 | B34: Tým 27 | F34: 27 | G34: Rozhodčí 27
A35: 28 | B35: Tým 28 | F35: 28 | G35: Rozhodčí 28
A36: 29 | B36: Tým 29 | F36: 29 | G36: Rozhodčí 29
A37: 30 | B37: Tým 30 | F37: 30 | G37: Rozhodčí 30
A38: 31 | B38: Tým 31 | F38: 31 | G38: Rozhodčí 31
A39: 32 | B39: Tým 32 | F39: 32 | G39: Rozhodčí 32
... A47: 40 | B47: Tým 40 | F47: 40 | G47: Rozhodčí 40

Sheet 4 týmy
A1: 1. kolo | B1: Teze | C1: =Instrukce!M8 -> Teze pro první kolo | L1: Pořadí po základních kolech
A2: Debata | B2: Místnost | C2: Afirmace | D2: Negace | E2: Rozhodčí | F2: Body Afirmace | G2: Body Negace | H2: Vítěz | J2: Po posledním základním kole stiskněte tlačítko Seřadit, ktreé seřadí tabulku pořadí týmů a zobrazí správné týmy do tabulky pro vyřazovací kola. | L2: Pořadí | M2: Tým | N2: Počet vítězství | O2: Součet bodů
A3: 1 | B3: =Instrukce!$J$8 -> Místnost 1 | C3: =Instrukce!B8 -> Tým 1 | D3: =Instrukce!B9 -> Tým 2 | E3: =Instrukce!G8 -> Rozhodčí 1 | H3: =IF(OR(ISBLANK(F3),ISBLANK(G3)),"Vyplňte body obou týmů.",IF(F3>G3,C3,IF(G3>F3,D3,"Chyba! K remíze nemůže dojít"))) -> Vyplňte body obou týmů. | L3: 1 | M3: =Instrukce!B8 -> Tým 1 | N3: =COUNTIF($H$3:$H$14,M3) -> 0 | O3: =$F$3+$G$9+$G$14 -> 0
A4: 2 | B4: =Instrukce!$J$9 -> Místnost 2 | C4: =Instrukce!B10 -> Tým 3 | D4: =Instrukce!B11 -> Tým 4 | E4: =Instrukce!G9 -> Rozhodčí 2 | H4: =IF(OR(ISBLANK(F4),ISBLANK(G4)),"Vyplňte body obou týmů.",IF(F4>G4,C4,IF(G4>F4,D4,"Chyba! K remíze nemůže dojít"))) -> Vyplňte body obou týmů. | L4: 2 | M4: =Instrukce!B9 -> Tým 2 | N4: =COUNTIF($H$3:$H$14,M4) -> 0 | O4: =$G$3+$F$8+$G$13 -> 0
L5: 3 | M5: =Instrukce!B10 -> Tým 3 | N5: =COUNTIF($H$3:$H$14,M5) -> 0 | O5: =$F$4+$G$8+$F$14 -> 0
A6: 2. kolo | B6: Teze | C6: =Instrukce!M9 -> Teze pro druhé kolo | L6: 4 | M6: =Instrukce!B11 -> Tým 4 | N6: =COUNTIF($H$3:$H$14,M6) -> 0 | O6: =$G$4+$F$9+$F$13 -> 0
A7: Debata | B7: Místnost | C7: Afirmace | D7: Negace | E7: Rozhodčí | F7: Body Afirmace | G7: Body Negace | H7: Vítěz
A8: 1 | B8: =Instrukce!$J$8 -> Místnost 1 | C8: =Instrukce!B9 -> Tým 2 | D8: =Instrukce!B10 -> Tým 3 | E8: =Instrukce!G9 -> Rozhodčí 2 | H8: =IF(OR(ISBLANK(F8),ISBLANK(G8)),"Vyplňte body obou týmů.",IF(F8>G8,C8,IF(G8>F8,D8,"Chyba! K remíze nemůže dojít"))) -> Vyplňte body obou týmů.
A9: 2 | B9: =Instrukce!$J$9 -> Místnost 2 | C9: =Instrukce!B11 -> Tým 4 | D9: =Instrukce!B8 -> Tým 1 | E9: =Instrukce!G8 -> Rozhodčí 1 | H9: =IF(OR(ISBLANK(F9),ISBLANK(G9)),"Vyplňte body obou týmů.",IF(F9>G9,C9,IF(G9>F9,D9,"Chyba! K remíze nemůže dojít"))) -> Vyplňte body obou týmů.
A11: 3. kolo | B11: Teze | C11: =Instrukce!M10 -> Teze pro třetí kolo
A12: Debata | B12: Místnost | C12: Afirmace | D12: Negace | E12: Rozhodčí | F12: Body Afirmace | G12: Body Negace | H12: Vítěz
A13: 1 | B13: =Instrukce!$J$8 -> Místnost 1 | C13: =Instrukce!B11 -> Tým 4 | D13: =Instrukce!B9 -> Tým 2 | E13: =Instrukce!G8 -> Rozhodčí 1 | H13: =IF(OR(ISBLANK(F13),ISBLANK(G13)),"Vyplňte body obou týmů.",IF(F13>G13,C13,IF(G13>F13,D13,"Chyba! K remíze nemůže dojít"))) -> Vyplňte body obou týmů.
A14: 2 | B14: =Instrukce!$J$9 -> Místnost 2 | C14: =Instrukce!B10 -> Tým 3 | D14: =Instrukce!B8 -> Tým 1 | E14: =Instrukce!G9 -> Rozhodčí 2 | H14: =IF(OR(ISBLANK(F14),ISBLANK(G14)),"Vyplňte body obou týmů.",IF(F14>G14,C14,IF(G14>F14,D14,"Chyba! K remíze nemůže dojít"))) -> Vyplňte body obou týmů.
A16: Finále | B16: Teze | C16: =Instrukce!M14 -> Teze pro finále
A17: Debata | B17: Místnost | C17: Afirmace | D17: Negace | E17: Rozhodčí | F17: Body Afirmace | G17: Body Negace | H17: Vítěz
A18: 1 | B18: =Instrukce!$J$8 -> Místnost 1 | C18: =M3 -> Tým 1 | D18: =M4 -> Tým 2 | E18: =Instrukce!G8 -> Rozhodčí 1 | H18: =IF(OR(ISBLANK(F18),ISBLANK(G18)),"Vyplňte body obou týmů.",IF(F18>G18,C18,IF(G18>F18,D18,"Chyba! K remíze nemůže dojít"))) -> Vyplňte body obou týmů.

Sheet 6 týmů
A1: 1. kolo | B1: Teze | C1: =Instrukce!M8 -> Teze pro první kolo | L1: Pořadí po základních kolech
A2: Debata | B2: Místnost | C2: Afirmace | D2: Negace | E2: Rozhodčí | F2: Body Afirmace | G2: Body Negace | H2: Vítěz | J2: Po posledním základním kole stiskněte tlačítko Seřadit, ktreé seřadí tabulku pořadí týmů a zobrazí správné týmy do tabulky pro vyřazovací kola. | L2: Pořadí | M2: Tým | N2: Počet vítězství | O2: Součet bodů
A3: 1 | B3: =Instrukce!$J$8 -> Místnost 1 | C3: =Instrukce!B8 -> Tým 1 | D3: =Instrukce!B9 -> Tým 2 | E3: =Instrukce!G8 -> Rozhodčí 1 | H3: =IF(OR(ISBLANK(F3),ISBLANK(G3)),"Vyplňte body obou týmů.",IF(F3>G3,C3,IF(G3>F3,D3,"Chyba! K remíze nemůže dojít"))) -> Vyplňte body obou týmů. | L3: 1 | M3: =Instrukce!B8 -> Tým 1 | N3: =COUNTIF($H$3:$H$17,M3) -> 0 | O3: =$F$3+$G$11+$G$16 -> 0
A4: 2 | B4: =Instrukce!$J$9 -> Místnost 2 | C4: =Instrukce!B10 -> Tým 3 | D4: =Instrukce!B11 -> Tým 4 | E4: =Instrukce!G9 -> Rozhodčí 2 | H4: =IF(OR(ISBLANK(F4),ISBLANK(G4)),"Vyplňte body obou týmů.",IF(F4>G4,C4,IF(G4>F4,D4,"Chyba! K remíze nemůže dojít"))) -> Vyplňte body obou týmů. | L4: 2 | M4: =Instrukce!B9 -> Tým 2 | N4: =COUNTIF($H$3:$H$17,M4) -> 0 | O4: =$G$3+$F$9+$G$15 -> 0
A5: 3 | B5: =Instrukce!$J$10 -> Místnost 3 | C5: =Instrukce!B12 -> Tým 5 | D5: =Instrukce!B13 -> Tým 6 | E5: =Instrukce!G10 -> Rozhodčí 3 | H5: =IF(OR(ISBLANK(F5),ISBLANK(G5)),"Vyplňte body obou týmů.",IF(F5>G5,C5,IF(G5>F5,D5,"Chyba! K remíze nemůže dojít"))) -> Vyplňte body obou týmů. | L5: 3 | M5: =Instrukce!B10 -> Tým 3 | N5: =COUNTIF($H$3:$H$17,M5) -> 0 | O5: =$F$4+$G$9+$F$16 -> 0
L6: 4 | M6: =Instrukce!B11 -> Tým 4 | N6: =COUNTIF($H$3:$H$17,M6) -> 0 | O6: =$G$4+$F$10+$G$17 -> 0
A7: 2. kolo | B7: Teze | C7: =Instrukce!M9 -> Teze pro druhé kolo | L7: 5 | M7: =Instrukce!B12 -> Tým 5 | N7: =COUNTIF($H$3:$H$17,M7) -> 0 | O7: =$F$5+$G$10+$F$15 -> 0
A8: Debata | B8: Místnost | C8: Afirmace | D8: Negace | E8: Rozhodčí | F8: Body Afirmace | G8: Body Negace | H8: Vítěz | L8: 6 | M8: =Instrukce!B13 -> Tým 6 | N8: =COUNTIF($H$3:$H$17,M8) -> 0 | O8: =$G$5+$F$11+$F$17 -> 0
A9: 1 | B9: =Instrukce!$J$8 -> Místnost 1 | C9: =Instrukce!B9 -> Tým 2 | D9: =Instrukce!B10 -> Tým 3 | E9: =Instrukce!G10 -> Rozhodčí 3 | H9: =IF(OR(ISBLANK(F9),ISBLANK(G9)),"Vyplňte body obou týmů.",IF(F9>G9,C9,IF(G9>F9,D9,"Chyba! K remíze nemůže dojít"))) -> Vyplňte body obou týmů.
A10: 2 | B10: =Instrukce!$J$9 -> Místnost 2 | C10: =Instrukce!B11 -> Tým 4 | D10: =Instrukce!B12 -> Tým 5 | E10: =Instrukce!G8 -> Rozhodčí 1 | H10: =IF(OR(ISBLANK(F10),ISBLANK(G10)),"Vyplňte body obou týmů.",IF(F10>G10,C10,IF(G10>F10,D10,"Chyba! K remíze nemůže dojít"))) -> Vyplňte body obou týmů.
A11: 3 | B11: =Instrukce!$J$10 -> Místnost 3 | C11: =Instrukce!B13 -> Tým 6 | D11: =Instrukce!B8 -> Tým 1 | E11: =Instrukce!G9 -> Rozhodčí 2 | H11: =IF(OR(ISBLANK(F11),ISBLANK(G11)),"Vyplňte body obou týmů.",IF(F11>G11,C11,IF(G11>F11,D11,"Chyba! K remíze nemůže dojít"))) -> Vyplňte body obou týmů.
A13: 3. kolo | B13: Teze | C13: =Instrukce!M10 -> Teze pro třetí kolo
A14: Debata | B14: Místnost | C14: Afirmace | D14: Negace | E14: Rozhodčí | F14: Body Afirmace | G14: Body Negace | H14: Vítěz
A15: 1 | B15: =Instrukce!$J$8 -> Místnost 1 | C15: =Instrukce!B12 -> Tým 5 | D15: =Instrukce!B9 -> Tým 2 | E15: =Instrukce!G9 -> Rozhodčí 2 | H15: =IF(OR(ISBLANK(F15),ISBLANK(G15)),"Vyplňte body obou týmů.",IF(F15>G15,C15,IF(G15>F15,D15,"Chyba! K remíze nemůže dojít"))) -> Vyplňte body obou týmů.
A16: 2 | B16: =Instrukce!$J$9 -> Místnost 2 | C16: =Instrukce!B10 -> Tým 3 | D16: =Instrukce!B8 -> Tým 1 | E16: =Instrukce!G10 -> Rozhodčí 3 | H16: =IF(OR(ISBLANK(F16),ISBLANK(G16)),"Vyplňte body obou týmů.",IF(F16>G16,C16,IF(G16>F16,D16,"Chyba! K remíze nemůže dojít"))) -> Vyplňte body obou týmů.
A17: 3 | B17: =Instrukce!$J$10 -> Místnost 3 | C17: =Instrukce!B13 -> Tým 6 | D17: =Instrukce!B11 -> Tým 4 | E17: =Instrukce!G8 -> Rozhodčí 1 | H17: =IF(OR(ISBLANK(F17),ISBLANK(G17)),"Vyplňte body obou týmů.",IF(F17>G17,C17,IF(G17>F17,D17,"Chyba! K remíze nemůže dojít"))) -> Vyplňte body obou týmů.
A19: Finále | B19: Teze | C19: =Instrukce!M14 -> Teze pro finále
A20: Debata | B20: Místnost | C20: Afirmace | D20: Negace | E20: Rozhodčí | F20: Body Afirmace | G20: Body Negace | H20: Vítěz
A21: 1 | B21: =Instrukce!$J$8 -> Místnost 1 | E21: =Instrukce!G8 -> Rozhodčí 1 | H21: =IF(OR(ISBLANK(F21),ISBLANK(G21)),"Vyplňte body obou týmů.",IF(F21>G21,C21,IF(G21>F21,D21,"Chyba! K remíze nemůže dojít"))) -> Vyplňte body obou týmů.

Sheet 8 týmů
A1: 1. kolo | B1: Teze | C1: =Instrukce!M8 -> Teze pro první kolo | L1: Pořadí po základních kolech
A2: Debata | B2: Místnost | C2: Afirmace | D2: Negace | E2: Rozhodčí | F2: Body Afirmace | G2: Body Negace | H2: Vítěz | J2: Po posledním základním kole stiskněte tlačítko Seřadit, ktreé seřadí tabulku pořadí týmů a zobrazí správné týmy do tabulky pro vyřazovací kola. | L2: Pořadí | M2: Tým | N2: Počet vítězství | O2: Součet bodů
A3: 1 | B3: =Instrukce!J8 -> Místnost 1 | C3: =Instrukce!B8 -> Tým 1 | D3: =Instrukce!B9 -> Tým 2 | E3: =Instrukce!G8 -> Rozhodčí 1 | H3: =IF(OR(ISBLANK(F3),ISBLANK(G3)),"Vyplňte body obou týmů.",IF(F3>G3,C3,IF(G3>F3,D3,"Chyba! K remíze nemůže dojít"))) -> Vyplňte body obou týmů. | L3: 1 | M3: =Instrukce!B8 -> Tým 1 | N3: =COUNTIF($H$3:$H$20,M3) -> 0 | O3: =$F$3+$G$11+$G$18 -> 0
A4: 2 | B4: =Instrukce!J9 -> Místnost 2 | C4: =Instrukce!B10 -> Tým 3 | D4: =Instrukce!B11 -> Tým 4 | E4: =Instrukce!G9 -> Rozhodčí 2 | H4: =IF(OR(ISBLANK(F4),ISBLANK(G4)),"Vyplňte body obou týmů.",IF(F4>G4,C4,IF(G4>F4,D4,"Chyba! K remíze nemůže dojít"))) -> Vyplňte body obou týmů. | L4: 2 | M4: =Instrukce!B9 -> Tým 2 | N4: =COUNTIF($H$3:$H$20,M4) -> 0 | O4: =$G$3+$F$10+$G$17 -> 0
A5: 3 | B5: =Instrukce!J10 -> Místnost 3 | C5: =Instrukce!B12 -> Tým 5 | D5: =Instrukce!B13 -> Tým 6 | E5: =Instrukce!G10 -> Rozhodčí 3 | H5: =IF(OR(ISBLANK(F5),ISBLANK(G5)),"Vyplňte body obou týmů.",IF(F5>G5,C5,IF(G5>F5,D5,"Chyba! K remíze nemůže dojít"))) -> Vyplňte body obou týmů. | L5: 3 | M5: =Instrukce!B10 -> Tým 3 | N5: =COUNTIF($H$3:$H$20,M5) -> 0 | O5: =$F$4+$G$10+$F$18 -> 0
A6: 4 | B6: =Instrukce!J11 -> Místnost 4 | C6: =Instrukce!B14 -> Tým 7 | D6: =Instrukce!B15 -> Tým 8 | E6: =Instrukce!G11 -> Rozhodčí 4 | H6: =IF(OR(ISBLANK(F6),ISBLANK(G6)),"Vyplňte body obou týmů.",IF(F6>G6,C6,IF(G6>F6,D6,"Chyba! K remíze nemůže dojít"))) -> Vyplňte body obou týmů. | L6: 4 | M6: =Instrukce!B11 -> Tým 4 | N6: =COUNTIF($H$3:$H$20,M6) -> 0 | O6: =$G$4+$F$11+$F$17 -> 0
L7: 1 | M7: =Instrukce!B12 -> Tým 5 | N7: =COUNTIF($H$3:$H$20,M7) -> 0 | O7: =$F$5+$G$13+$G$20 -> 0
A8: 2. kolo | B8: Teze | C8: =Instrukce!M9 -> Teze pro druhé kolo | L8: 2 | M8: =Instrukce!B13 -> Tým 6 | N8: =COUNTIF($H$3:$H$20,M8) -> 0 | O8: =$G$5+$F$12+$G$19 -> 0
A9: Debata | B9: Místnost | C9: Afirmace | D9: Negace | E9: Rozhodčí | F9: Body Afirmace | G9: Body Negace | H9: Vítěz | L9: 3 | M9: =Instrukce!B14 -> Tým 7 | N9: =COUNTIF($H$3:$H$20,M9) -> 0 | O9: =$F$6+$G$12+$F$20 -> 0
A10: 1 | B10: =Instrukce!J8 -> Místnost 1 | C10: =Instrukce!B9 -> Tým 2 | D10: =Instrukce!B10 -> Tým 3 | E10: =Instrukce!G10 -> Rozhodčí 3 | H10: =IF(OR(ISBLANK(F10),ISBLANK(G10)),"Vyplňte body obou týmů.",IF(F10>G10,C10,IF(G10>F10,D10,"Chyba! K remíze nemůže dojít"))) -> Vyplňte body obou týmů. | L10: 4 | M10: =Instrukce!B15 -> Tým 8 | N10: =COUNTIF($H$3:$H$20,M10) -> 0 | O10: =$G$6+$F$13+$F$19 -> 0
A11: 2 | B11: =Instrukce!J9 -> Místnost 2 | C11: =Instrukce!B11 -> Tým 4 | D11: =Instrukce!B8 -> Tým 1 | E11: =Instrukce!G11 -> Rozhodčí 4 | H11: =IF(OR(ISBLANK(F11),ISBLANK(G11)),"Vyplňte body obou týmů.",IF(F11>G11,C11,IF(G11>F11,D11,"Chyba! K remíze nemůže dojít"))) -> Vyplňte body obou týmů.
A12: 3 | B12: =Instrukce!J10 -> Místnost 3 | C12: =Instrukce!B13 -> Tým 6 | D12: =Instrukce!B14 -> Tým 7 | E12: =Instrukce!G8 -> Rozhodčí 1 | H12: =IF(OR(ISBLANK(F12),ISBLANK(G12)),"Vyplňte body obou týmů.",IF(F12>G12,C12,IF(G12>F12,D12,"Chyba! K remíze nemůže dojít"))) -> Vyplňte body obou týmů.
A13: 4 | B13: =Instrukce!J11 -> Místnost 4 | C13: =Instrukce!B15 -> Tým 8 | D13: =Instrukce!B12 -> Tým 5 | E13: =Instrukce!G9 -> Rozhodčí 2 | H13: =IF(OR(ISBLANK(F13),ISBLANK(G13)),"Vyplňte body obou týmů.",IF(F13>G13,C13,IF(G13>F13,D13,"Chyba! K remíze nemůže dojít"))) -> Vyplňte body obou týmů.
A15: 3. kolo | B15: Teze | C15: =Instrukce!M10 -> Teze pro třetí kolo
A16: Debata | B16: Místnost | C16: Afirmace | D16: Negace | E16: Rozhodčí | F16: Body Afirmace | G16: Body Negace | H16: Vítěz
A17: 1 | B17: =Instrukce!J8 -> Místnost 1 | C17: =Instrukce!B11 -> Tým 4 | D17: =Instrukce!B9 -> Tým 2 | E17: =Instrukce!G8 -> Rozhodčí 1 | H17: =IF(OR(ISBLANK(F17),ISBLANK(G17)),"Vyplňte body obou týmů.",IF(F17>G17,C17,IF(G17>F17,D17,"Chyba! K remíze nemůže dojít"))) -> Vyplňte body obou týmů.
A18: 2 | B18: =Instrukce!J9 -> Místnost 2 | C18: =Instrukce!B10 -> Tým 3 | D18: =Instrukce!B8 -> Tým 1 | E18: =Instrukce!G9 -> Rozhodčí 2 | H18: =IF(OR(ISBLANK(F18),ISBLANK(G18)),"Vyplňte body obou týmů.",IF(F18>G18,C18,IF(G18>F18,D18,"Chyba! K remíze nemůže dojít"))) -> Vyplňte body obou týmů.
A19: 3 | B19: =Instrukce!J10 -> Místnost 3 | C19: =Instrukce!B15 -> Tým 8 | D19: =Instrukce!B13 -> Tým 6 | E19: =Instrukce!G10 -> Rozhodčí 3 | H19: =IF(OR(ISBLANK(F19),ISBLANK(G19)),"Vyplňte body obou týmů.",IF(F19>G19,C19,IF(G19>F19,D19,"Chyba! K remíze nemůže dojít"))) -> Vyplňte body obou týmů.
A20: 4 | B20: =Instrukce!J11 -> Místnost 4 | C20: =Instrukce!B14 -> Tým 7 | D20: =Instrukce!B12 -> Tým 5 | E20: =Instrukce!G11 -> Rozhodčí 4 | H20: =IF(OR(ISBLANK(F20),ISBLANK(G20)),"Vyplňte body obou týmů.",IF(F20>G20,C20,IF(G20>F20,D20,"Chyba! K remíze nemůže dojít"))) -> Vyplňte body obou týmů.
A22: Semifinále | B22: Teze | C22: =Instrukce!M13 -> Teze pro semifinále (pokud je relevantní)
A23: Debata | B23: Místnost | C23: Afirmace | D23: Negace | E23: Rozhodčí | F23: Body Afirmace | G23: Body Negace | H23: Vítěz
A24: 1 | B24: =Instrukce!J8 -> Místnost 1 | E24: =Instrukce!G8 -> Rozhodčí 1 | H24: =IF(OR(ISBLANK(F24),ISBLANK(G24)),"Vyplňte body obou týmů.",IF(F24>G24,C24,IF(G24>F24,D24,"Chyba! K remíze nemůže dojít"))) -> Vyplňte body obou týmů.
A25: 2 | B25: =Instrukce!J9 -> Místnost 2 | E25: =Instrukce!G9 -> Rozhodčí 2 | H25: =IF(OR(ISBLANK(F25),ISBLANK(G25)),"Vyplňte body obou týmů.",IF(F25>G25,C25,IF(G25>F25,D25,"Chyba! K remíze nemůže dojít"))) -> Vyplňte body obou týmů.
A27: Finále | B27: Teze | C27: =Instrukce!M14 -> Teze pro finále
A28: Debata | B28: Místnost | C28: Afirmace | D28: Negace | E28: Rozhodčí | F28: Body Afirmace | G28: Body Negace | H28: Vítěz
A29: 1 | B29: =Instrukce!$J$8 -> Místnost 1 | C29: =if(NOT(H24="Vyplňte body obou týmů."),H24,"") | D29: =if(NOT(H25="Vyplňte body obou týmů."),H25,"") | E29: =Instrukce!G8 -> Rozhodčí 1 | H29: =IF(OR(ISBLANK(F29),ISBLANK(G29)),"Vyplňte body obou týmů.",IF(F29>G29,C29,IF(G29>F29,D29,"Chyba! K remíze nemůže dojít"))) -> Vyplňte body obou týmů.
